DateTime,UserID,Emotion,Confidence
26-03-2026 17:56:19,admin,HAPPY,84.6
26-03-2026 17:56:29,admin,STRESSED,86.27
26-03-2026 17:56:38,admin,CALM,86.87
26-03-2026 17:56:44,admin,CALM,81.78
26-03-2026 22:40:26,admin,HAPPY,84.44
26-03-2026 22:42:06,admin,NEUTRAL,90.81
26-03-2026 22:48:10,admin,STRESSED,89.76
26-03-2026 22:50:47,admin,NEUTRAL,90.59
26-03-2026 22:51:02,admin,NEUTRAL,90.39
26-03-2026 22:51:58,admin,STRESSED,87.8
27-03-2026 00:08:26,admin,STRESSED,86.49
28-03-2026 11:13:44,admin,HAPPY,81.43
29-03-2026 17:51:24,admin,HAPPY,93.52
29-03-2026 22:14:06,admin,HAPPY,90.04
29-03-2026 22:14:13,admin,STRESSED,80.86
30-03-2026 11:48:25,user_114604,HAPPY,89.59
30-03-2026 11:48:40,user_114604,STRESSED,84.23
30-03-2026 21:20:45,admin,CALM,94.07
30-03-2026 21:27:59,admin,NEUTRAL,90.88
30-03-2026 21:28:11,admin,CALM,94.68
30-03-2026 21:28:17,admin,STRESSED,82.54
30-03-2026 21:28:22,admin,HAPPY,80.76
30-03-2026 21:28:49,admin,STRESSED,80.27
30-03-2026 21:29:10,admin,NEUTRAL,81.52
30-03-2026 21:29:41,admin,NEUTRAL,90.83
