avg_hold_time,avg_interkey_delay,typing_speed,error_rate,total_keys,emotion
0.15,0.25,3.2,0.02,20,calm
0.16,0.28,2.8,0.01,18,calm
0.14,0.22,3.5,0.03,22,calm
0.17,0.26,2.9,0.02,19,calm
0.18,0.27,3.0,0.01,21,calm

0.20,0.30,3.8,0.05,25,happy
0.22,0.32,4.0,0.04,28,happy
0.21,0.31,3.6,0.06,24,happy
0.23,0.33,3.9,0.05,26,happy
0.19,0.29,3.7,0.04,23,happy

0.45,0.70,1.2,0.20,30,stressed
0.42,0.65,1.0,0.18,28,stressed
0.48,0.75,0.9,0.22,32,stressed
0.44,0.68,1.3,0.19,29,stressed
0.46,0.72,1.1,0.21,31,stressed

0.25,0.30,2.0,0.05,18,neutral
0.27,0.32,2.2,0.04,20,neutral
0.26,0.31,1.9,0.06,17,neutral
0.24,0.29,2.1,0.05,19,neutral
0.28,0.33,2.3,0.04,21,neutral0.17695468253102795,0.3977454351342243,1.627638256017394,0.017241379310344827,116,calm
0.16665314415753898,0.28787937246519946,2.0517222274285065,0.0,59,calm
